<?xml version="1.0" encoding="UTF-8"?>  
<beans  
    xmlns="http://www.springframework.org/schema/beans"  
    xmlns:xsi="http://www.w3.org/2001/XMLSchema-instance"  
    xmlns:p="http://www.springframework.org/schema/p"  
    xsi:schemaLocation="http://www.springframework.org/schema/beans  
       http://www.springframework.org/schema/beans/spring-beans-3.0.xsd">  
  
<bean id="e" class="bank">  
<constructor-arg value="786788698" type="int"></constructor-arg> 
<constructor-arg value="90000" type="int"></constructor-arg> 
<constructor-arg value="Mounika"></constructor-arg> 
<constructor-arg value="hyderabad"></constructor-arg> 
</bean> 
<bean id="f" class="bank">  
<constructor-arg value="98432245" ></constructor-arg> 
<constructor-arg value="45980" ></constructor-arg> 
<constructor-arg value="Nivedi"></constructor-arg> 
<constructor-arg value="banglore"></constructor-arg>
</bean>   
  
</beans>  